scientific_name_(check),literature_source,scientific_name_(original),name_phylogeny,genus,specific_Epithet,infraspecific_Epithet,rank,grains,outline,pollen_arrangement,ornamentation,pore_number,shorter_diameter_min,shorter_diameter_max,shorter_diameter_mean,longer_diameter_min,longer_diameter_max,longer_diameter_mean,pore_diameter_min,pore_diameter_max,pore_diameter_mean,exine_thickness_min,exine_thickness_max,exine_thickness_mean,sexine_thickness_mean,nexine_thickness_mean,voucher,herbarium,herbarium_code,voucher_review,image_of_literature
Adenopodia gymnantha,Caccavari 2002,Adenopodia gymnantha ,Adenopodia_gymnantha,Adenopodia,gymnantha,,Species,5,1,,7,,,,,,,28,,,,,,,,,Langlassé 638,P,,,Adenopodia_gymnantha-Caccavari-2002-10µm / Adenopodia_gymnantha-2-Caccavari-2002-10µm
Adenopodia oaxacana,Caccavari 2002,Adenopodia oaxacana ,Adenopodia_oaxacana,Adenopodia,oaxacana,,Species,5,1,,7,,,,,,,31,,,,,,,,,Sousa et al. 9673,MEXU,,,Adenopodia_oaxacana-Caccavari-2002-10µm
Anadenanthera colubrina,Cruz et al. 2018; Ribeiro et al. 2018,Anadenanthera colubrina ,Anadenanthera_colubrina,Anadenanthera,colubrina,,Species,5,0&1,2,0&3,,32.5,47.5,39,32.5,47.5,38.8,,,,2,2,2,1,1,DM Calmon 221 / LP Queiroz s.n. /  s.col. / Lacerda 262 / Lacerda 268 / Melo 3744,R / R / R / HUEFS / HUEFS / HUEFS,ALCB 75760 (DM Calmon 221) / HUEFS 112288 / HUEFS 112292 / HUEFS 91632,,Anadenanthera_colubrina-Cruz-2018-5μm / Anadenanthera_colubrina-2-Cruz-2018-5μm / Anadenanthera_colubrina-3-Cruz-2018-5μm / Anadenanthera_colubrina_var.cebil-Ribeiro-2018-10μm / Anadenanthera_colubrina_var.cebil-2-Ribeiro-2018-10μm
Anadenanthera colubrina var. cebil,Caccavari 2002; Ribeiro et al. 2018,Anadenanthera colubrina var. cebil  / Anadenanthera colubrina,Anadenanthera_colubrina_cebil,Anadenanthera,colubrina,cebil,Variety,4,1&2,2,0&6,,30,40,35.067,30,42.5,37.78,,,,2,2,2,,,Faria 114 / Melo 6563 / Queiroz 7194 / Ricardo s.n. / Rubens 161,RB / HUEFS / HUEFS / HUEFS / RB,RB 212051 / HUEFS 151750 / HUEFS 60904 / HUEFS 35629,"Faria 114, Melo 6563, Queiroz 7194 and Ricardo s.n. = Anadenanthera colubrina var. cebil",Anadenanthera_colubrina_var.colubrina-Ribeiro-2018-10μm / Anadenanthera_colubrina_var.colubrina-2-Ribeiro-2018-10μm / Anadenanthera_colubrina_var.colubrina-3-Ribeiro-2018-10μm / Anadenanthera_colubrina_var. cebil-Caccavari-2002-10µm / Anadenanthera_colubrina_var. cebil-2-Caccavari-2002-10µm / Anadenanthera_colubrina_var. cebil-3-Caccavari-2002-10µm / Anadenanthera_colubrina_var. cebil-4-Caccavari-2002-10µm
Anadenanthera colubrina var. colubrina,Buril et al. 2010,Anadenanthera colubrina var. colubrina ,Anadenanthera_colubrina_colubrina,Anadenanthera,colubrina,colubrina,Variety,5,,,0,1&3,30.9,37.5,33.9,33.3,41.2,37.2,,,,2.5,2.5,2.5,1.5,1,E. Córdula 195 / W. Ganev 2666,HUEFS / HUEFS,HUEFS 117740 / HUEFS 16264,,Anadenanthera_colubrina_var. colubrina-Buril-2010-10μm / Anadenanthera_colubrina_var. colubrina-2-Buril-2010-10μm / Anadenanthera_colubrina_var. colubrina-3-Buril-2010-10μm / Anadenanthera_colubrina_var. colubrina-Buril-2010-10μm / Anadenanthera_colubrina_var. colubrina-2-Buril-2010-10μm / Anadenanthera_colubrina_var. colubrina-3-Buril-2010-10μm
Anadenanthera peregrina,Ribeiro et al. 2018; Caccavari 2002,Anadenanthera peregrina / Anadenanthera peregrina var. falcata ,Anadenanthera_peregrina,Anadenanthera,peregrina,,Species,5,1,2,0,,22.5,35,29.767,20,47.5,34.55,,,,1,1,1,,,Colchester 2374 / Kinupp 25794 / Pifano 149 / Oliveira 18,HUEFS / HUEFS / HUEFS / RB,HUEFS 50563 / FUEL 25794 / HUEFS 59150 / RB 226097,Kinupp 25794 and Oliveira 18 = Anadenanthera peregrina var. falcata ,Anadenanthera_peregrina-Ribeiro-2018-10μm / Anadenanthera_peregrina-2-Ribeiro-2018-10μm / Anadenanthera_peregrina-3-Ribeiro-2018-10μm
Gwilymia coriacea,Barduzzi et al. 2024; Guinet & Caccavari 1992,Stryphnodendron coriaceum / Stryphnodendron piptadenioides,Gwilymia_coriacea,Gwilymia,coriacea,,Species,5,1&2,,6,,30.8,30.8,30.8,34.1,34.1,34.1,1.8,1.9,1.85,1,1,1,,,"M. A. Silva 1472,  T. S. Filgueiras, J.W.B. Machado, A. L. Brochado / Lima 13302",ESA / RFA,ESA 88712 / RFA 17172,,Stryphnodendron_piptadenioides-1-Guinet & Caccavari-1992-x10000 / Stryphnodendron_piptadenioides-2-Guinet & Caccavari-1992-x1000 / Stryphnodendron_piptadenioides-3-Guinet & Caccavari-1992-x1000 / Stryphnodendron_piptadenioides-4-Guinet & Caccavari-1992-x1000 / Stryphnodendron_piptadenioides-5-Guinet & Caccavari-1992-x10600
Gwilymia fissurata,Caccavari 2002; Guinet & Caccavari 1992,Stryphnodendron fissuratum,Gwilymia_fissurata,Gwilymia,fissurata,,Species,5,2,5,6,,40.5,,40.5,,58.6,63.3,2.4,,2.4,,,1.8,,,Eiten et al. 8956 / Eiten & Eiten 8956,SP / SP,SP 129687 / SP 129687,,Stryphnodendron_fissuratum-1-Guinet & Caccavari-1992-x1000 / Stryphnodendron_fissuratum-2-Guinet & Caccavari-1992-x1000 / Stryphnodendron_fissuratum-3-Guinet & Caccavari-1992-x16000 / Stryphnodendron_fissuratum-4-Guinet & Caccavari-1992-x10600
Gwilymia moricolor,Guinet & Caccavari 1992,Stryphnodendron moricolor ,Gwilymia_moricolor,Gwilymia,moricolor,,Species,5,1&2,5,0&1,,44.5,44.5,44.5,57.6,57.6,57.6,3.2,5.5,4.35,1.5,2,1.75,,,Mori & Boom 15236,CAY,,,
Gwilymia occhioniana,Guinet & Caccavari 1992,Stryphnodendron occhionianum ,Gwilymia_occhioniana,Gwilymia,occhioniana,,Species,3,1&2,1,6,,31.1,31.1,31.1,47.9,47.9,47.9,3.2,3.5,3.35,1.4,2,1.7,,,Oliveira 997,RB,,,Stryphnodendron_occhionianum-1-Guinet & Caccavari-1992-x1000 / Stryphnodendron_occhionianum-2-Guinet & Caccavari-1992-x1000 / Stryphnodendron_occhionianum-3-Guinet & Caccavari-1992-x1000 / Stryphnodendron_occhionianum-4-Guinet & Caccavari-1992-x1000 / Stryphnodendron_occhionianum-5-Guinet & Caccavari-1992-x1000 / Stryphnodendron_occhionianum-6-Guinet & Caccavari-1992-x10000
Gwilymia paniculata,Guinet & Caccavari 1992,Stryphnodendron paniculatum / Stryphnodendron rizzinianum ,Gwilymia_paniculata,Gwilymia,paniculata,,Species,5,2,3,0&1,,36.2,36.2,,44.5,44.5,44.5,3.2,5.5,4.35,1.5,2,1.75,,,Ducke s.n. (5.07.1936) / Krukoff 6441 / Ducke s.n. (7.11.1935),US / RB / RB,US 1694148 / RB 32083 / RB 29044,,Stryphnodendron_paniculatum-1-Guinet & Caccavari-1992-x1000 / Stryphnodendron_paniculatum-2-Guinet & Caccavari-1992-x1000 / Stryphnodendron_paniculatum-3-Guinet & Caccavari-1992-x10600 / Stryphnodendron_rizzinianum-1-Guinet & Caccavari-1992-x1000 / Stryphnodendron_rizzinianum-2-Guinet & Caccavari-1992-x1000 / Stryphnodendron_rizzinianum-3-Guinet & Caccavari-1992-x1000 / Stryphnodendron_rizzinianum-4-Guinet & Caccavari-1992-x1000
Gwilymia polystachya,Guinet & Caccavari 1992,Stryphnodendron polystachyum ,Gwilymia_polystachya,Gwilymia,polystachya,,Species,3,1&2,1,6,,32,32,34.1,46.6,46.6,46.6,3.2,3.5,3.35,1.4,2,1.7,,,Irwin et al. 48381 / Irwin et al. 55179,NY / NY,,,Stryphnodendron_polystachyum-1-Guinet & Caccavari-1992-x1000 / Stryphnodendron_polystachyum-2-Guinet & Caccavari-1992-x1000 / Stryphnodendron_polystachyum-3-Guinet & Caccavari-1992-x1000 / Stryphnodendron_polystachyum-4-Guinet & Caccavari-1992-x1000
Gwilymia racemifera,Guinet & Caccavari 1992,Stryphnodendron racemiferum ,Gwilymia_racemifera,Gwilymia,racemifera,,Species,5,1&2,0&5,0&5,1,35.4,35.4,34.1,55,55,55,3.2,5.5,4.35,1.5,2,1.75,,,Prance et al. 3613,K,,,Stryphnodendron_racemiferum-1-Guinet & Caccavari-1992-x1000 / Stryphnodendron_racemiferum-2-Guinet & Caccavari-1992-x1000 / Stryphnodendron_racemiferum-2-Guinet & Caccavari-1992-x1000 / Stryphnodendron_racemiferum-4-Guinet & Caccavari-1992-x1000 / Stryphnodendron_racemiferum-5-Guinet & Caccavari-1992-x10600
Inga edulis,Braga et al. 2012,Inga edulis ,Inga_edulis,Inga,edulis,,Species,6,1,,6,,50,50,50,100,100,100,,,,1.7,1.7,1.7,,,?,RBR,,,Inga_edulis-AlmeidaBraga-2012-400x
Lachesiodendron viridiflorum,Barduzzi et al. 2024,Lachesiodendron viridiflorum ,Lachesiodendron_viridiflorum,Lachesiodendron,viridiflorum,,Species,3,,5,6,,18,32,24.071,26,44,35.739,1.036,1.626,1.331,0.66,1.044,0.852,,,A. Salino 3306 / Carvalho 3953 / Queiroz 7828 / Salino 3306,ESA / HUEFS / HUEFS / HUEFS,HUEFS 35810 / HUEFS 16194 / HUEFS 72586 / HUEFS 35810,,Lachesiodendron_viridiflorum-Ribeiro-2018-10μm / Lachesiodendron_viridiflorum-2-Ribeiro-2018-10μm / Lachesiodendron_viridiflorum-3-Ribeiro-2018-10μm / Lachesiodendron_viridiflorum-4-Ribeiro-2018-10μm
Marlimorimia bahiana,Caccavari 2002; Ribeiro et al. 2018,Pseudopiptadenia bahiana,Marlimorimia_bahiana,Marlimorimia,bahiana,,Species,5,2,0&3,4,,27.5,37.5,32.7,30,50,40.575,,,,1,1,1,,,Mori et King 12188 / Queiroz 9574 / Queiroz 9970 / Queiroz 9989,RB / HUEFS / HUEFS / HUEFS,US 2857049 / HUEFS 86067 / HUEFS 91287 / HUEFS 91307,,Pseudopiptadenia_bahiana-Ribeiro-2018-10μm / Pseudopiptadenia_bahiana-2-Ribeiro-2018-10μm / Pseudopiptadenia_bahiana-3-Ribeiro-2018-10μm / Pseudopiptadenia_bahiana-4-Ribeiro-2018-10μm
Marlimorimia contorta,Barduzzi et al. 2024; Caccavari 2002; Ribeiro et al. 2018,Pseudopiptadenia contorta,Marlimorimia_contorta,Marlimorimia,contorta,,Species,5,2,0&4&5,4,1,16.872,37.5,27.513,30,47.5,37.52,0.522,0.815,0.6685,,,0.605,,,Francisco de S. N. Thomé 03 / Ortandi 305 / Hatschbach 35398 / Queiroz 3700 / Queiroz 4234,ESA / RB / HUEFS / HUEFS / HUEFS,UB 140360 / HUEFS 146828 / HUEFS 14919 / HUEFS 18663,,Pseudopiptadenia_contorta-Ribeiro-2018-10μm / Pseudopiptadenia_contorta-2-Ribeiro-2018-10μm / Pseudopiptadenia_contorta-3-Ribeiro-2018-10μm / Pseudopiptadenia_contorta-4-Ribeiro-2018-10μm
Marlimorimia psilostachya,Caccavari 2002,Pseudopiptadenia psilostachya ,Marlimorimia_psilostachya,Marlimorimia,psilostachya,,Species,5,2,3,0,1,,,,,,40,,,,,,,,,A. Ducke 15334,RB,,,
Marlimorimia warmingii,Barth & Yoneshigue 1966,Newtonia glaziovii,Marlimorimia_warmingii,Marlimorimia,warmingii,,Species,4&5,1&2,1,4,1,33.6,42,37.8,40,52.5,46.25,2.5,,2.5,,,2.5,,0.8,Reitz e Klein 5608,HBR,HBR 25859,,
Microlobius foetidus,Barduzzi et al. 2024; Caccavari 2002,Microlobius foetidus / Microlobius foetidus subs. paraguensis ,Microlobius_foetidus,Microlobius,foetidus,,Species,3,2,5,7,,14.038,21.8,17.275,18.232,33.311,24.679,0.33,0.753,0.5415,0.148,0.295,0.222,,,A. M. de Almeida 236 / Rojas 1787,CEN / SI,CEN 89347 / MO 2187576,,Microlobius_foetidus-Caccavari-2002-10µm / Microlobius_foetidus-2-Caccavari-2002-10µm / Microlobius_foetidus-3-Caccavari-2002-10µm
Mimosa acantholoba,Liau-Kang et al. 2024,Mimosa acantholoba ,Mimosa_acantholoba,Mimosa,acantholoba,,Species,3,1,3,0,,7.263,9.607,8.529,10.265,14.004,12.8,0.104,0.209,0.1565,0.104,0.313,0.209,,,M. F. Simon 826,CEN,,,
Mimosa acutistipula,Santos-Silva et al. 2013,Mimosa acutistipula ,Mimosa_acutistipula,Mimosa,acutistipula,,Species,3,1,3,6,0&1&2,11,15,12.1,16,20,17.9,,,,,,,,,F. França 2262 / A. J. Castro s.n.,HUEFS / UEC 46098,,,Mimosa_acutistipula-Santos-Silva-2013-10μm
Mimosa acutistipula var. acutistipula,Lima et al. 2008,Mimosa acutistipula var. acutistipula ,Mimosa_acutistipula_acutistipula,Mimosa,acutistipula,acutistipula,Variety,3,,3&5,0&6,,11.5,14,12.6,15,19,16.9,,,,1,1,1,,,E.B. Miranda 343 /  L.P. Queiroz et al. 6561,HUEFS / HUEFS,,,Mimosa_acutistipula_var. acutistipula-Lima-2008-5μm / Mimosa_acutistipula_var. acutistipula-2-Lima-2008-5μm
Mimosa adenocarpa,Liau-Kang et al. 2024,Mimosa adenocarpa ,Mimosa_adenocarpa,Mimosa,adenocarpa,,Species,2,0,0&5,0&6,1,7.5,15.3,11.067,10,21.58,14.466,0.467,0.963,0.715,0.313,0.562,0.438,,,F. G. Pereira 288 / CFCR 2109 / L.M. Borges 487,ESA / SPF / SPF,RB 640836,,
Mimosa adenophylla,Santos-Silva et al. 2013,Mimosa adenophylla ,Mimosa_adenophylla,Mimosa,adenophylla,,Species,2,1,0&5,7,,14,17,15.5,19,25,22,,,,,,,,,J. S. Silva 988,UEC,,,
Mimosa adenophylla var. armandiana,Lima et al. 2008,Mimosa adenophylla var. armandiana ,Mimosa_adenophylla_armandiana,Mimosa,adenophylla,armandiana,Variety,1&2,,0&3,0&6,0&1,15,18,16.4,20,26,21.5,,,,1,1,1,,,R.M. Harley et al. 21605 / L.P. Queiroz & N.S. Nascimento 3694 / A.M. Giulietti & R.M. Harley 2075,CEPEC / HUEFS / HUEFS,,,Mimosa_adenophylla_var. armandiana-Lima-2008-5μm / Mimosa_adenophylla_var. armandiana-2-Lima-2008-5μm
Mimosa adenophylla var. mitis,Lima et al. 2008,Mimosa adenophylla var. mitis ,Mimosa_adenophylla_mitis,Mimosa,adenophylla,mitis,Variety,1&2,,0&3,0&6,,14,17,15.4,20,25,22,,,,1,1,1,,,W.N. Fonseca 214 / R.P. Orlandi 389 / L.C.L. Lima et al. 175 / L.C.L. Lima et al. 184 /  L.C.L. Lima et al. 186,HRB / HRB / HUEFS 97657 / HUEFS 102068 / HUEFS 102066,,, Mimosa_adenophylla_var. mitis-Lima-2008-5μm / Mimosa_adenophylla_var. mitis-2-Lima-2008-5μm / Mimosa_adenophylla_var. mitis-3-Lima-2008-5μm / Mimosa_adenophylla_var. mitis-4-Lima-2008-5μm / Mimosa_adenophylla_var. mitis-5-Lima-2008-5μm
Mimosa adenotricha,Liau-Kang et al. 2024,Mimosa adenotricha ,Mimosa_adenotricha,Mimosa,adenotricha,,Species,2,1,0&4&5,0&6,1,8.8,15,11.936,12.094,18.7,16.338,0.701,1.191,0.946,0.209,0.467,0.338,,,V. C. Souza 22449 / R. Mello-Silva 3162,ESA / SPF,HUEFS 193429 / NY 02702151,,
Mimosa aguapeia,Liau-Kang et al. 2024,Mimosa aguapeia ,Mimosa_aguapeia,Mimosa,aguapeia,,Species,2,1,3,0,1,15,20,18.5,20,27.5,24.8,,,,,,,,,L.M. Borges SN,SPF,,,
Mimosa albolanata var. brasiliana,Liau-Kang et al. 2024,Mimosa albolanata var. brasiliana ,Mimosa_albolanata_brasiliana,Mimosa,albolanata,brasiliana,Variety,2,1,0&3,0,1,12.5,15,13.1,17.3,25,20.4,,,,,,,,,N.T. Silva 57165,SPF,,,
Mimosa amnis-atri,Santos-Silva et al. 2013,Mimosa amnis-atri ,Mimosa_amnisatri,Mimosa,amnis-atri,,Species,2,1,3,2&3,0&1,10,16.5,13.1,11.3,17.5,12.7,,,,,,,,,J. S. Silva 976 / M. Batalha 3589,UEC / UB,,,Mimosa_amnis-atri-Santos-Silva-2013-10μm
Mimosa apodocarpa,Santos-Silva et al. 2013,Mimosa apodocarpa ,Mimosa_apodocarpa,Mimosa,apodocarpa,,Species,2,1,3,0&6,0&1,10.7,17.1,14.5,12.1,18.7,14.2,,,,,,,,,A. L. B. Sartori 599 / G. J. Shepherd 7520,UEC / UEC,,,Mimosa_apodocarpa-Santos-Silva-2013-10μm
Mimosa arenosa,Buril et al. 2010 ,Mimosa arenosa ,Mimosa_arenosa,Mimosa,arenosa,,Species,3,1&2,3&4,0&6,0&1&2,9.6,11.5,10.1,12.5,15.4,13.8,,,,,,,,,E. Córdula 301 / J.S. Silva 196,UFP / UFP,UFP 47481 / UFP 47475,,Mimosa_arenosa-Buril-2010-5μm / Mimosa_arenosa-2-Buril-2010-5μm / Mimosa_arenosa-3-Buril-2010-5μm / Mimosa_arenosa-Buril-2010-5μm / Mimosa_arenosa-2-Buril-2010-5μm / Mimosa_arenosa-3-Buril-2010-5μm
Mimosa arenosa var. arenosa,Lima et al. 2008,Mimosa arenosa var. arenosa ,Mimosa_arenosa_arenosa,Mimosa,arenosa,arenosa,Variety,3,1,3,0&6,1,9,12,9.7,13,16,14.2,,,,1.2,1.2,1.2,,,L.C.L. Lima et al. 174,HUEFS,,,Mimosa_arenosa_var. arenosa-Lima-2008-5μm
Mimosa artemisiana,Santos-Silva et al. 2013,Mimosa artemisiana ,Mimosa_artemisiana,Mimosa,artemisiana,,Species,2,1,,3,,11,20,15.5,14,39,25,,,,,,,,,E. P. Heringer 6858 / H. F. Leitão Filho 7922,UEC / UEC,,,
Mimosa aurivillus var. aurivillus,Liau-Kang et al. 2024,Mimosa aurivillus var. aurivillus,Mimosa_aurivillus_aurivillus,Mimosa,aurivillus,aurivillus,Variety,2,0,0&5,6,,10.214,12.764,11.282,11.968,15.447,14.001,1.044,1.401,1.2225,0.669,0.99,0.83,,,R. M. Harley 27240,ESA,,,
Mimosa bimucronata,Cruz et al. 2018; Liau-Kang et al. 2024; Barth & Yoneshigue 1966; Barth 1973,Mimosa bimucronata,Mimosa_bimucronata,Mimosa,bimucronata,,Species,3,1,0&5,3&4&6,0&1,8.32,10,10.855,10.61,17.5,14.855,0.1,0.3,0.2,0.1,0.23,0.165,1.5,0.5,"R Klein 1117 / M Brunet 1888 / Fedele, Mauricio s.n. / O. M. Barth 34-M",R / R / ESA / HBR,NY 419031 / R64069 / ESA 12850 / HBR 81,"HBR 25709 / O. M. Barth 34 = RFA 28066 = Plantae, Rubiaceae",Mimosa_bimucronata-Cruz-2018-5μm / Mimosa_bimucronata-2-Cruz-2018-5μm /  Mimosa_bimucronata-3-Cruz-2018-5μm / Mimosa_bimucronata-4-Cruz-2018-2μm
Mimosa bimucronata var. bimucronata,Lima et al. 2008,Mimosa bimucronata var. bimucronata,Mimosa_bimucronata_bimucronata,Mimosa,bimucronata,bimucronata,Variety,3,1,0,0&6,1,11,12,11.2,14,16,15.4,,,,1,1,1,,,L.P. Queiroz et al. 3802,HUEFS,,,
Mimosa borboremae,Lima et al. 2008,Mimosa borboremae,Mimosa_borboremae,Mimosa,borboremae,,Species,2,,0&5,0&6,0&1,8,9,8.7,11,12.5,11.9,,,,0.5,0.5,0.5,,,A.G. Silva & L.M. Nascimento 310,IPA,,,Mimosa_borboremae-Lima-2008-5μm
Mimosa caerulea,Medina-Acosta-2018,Mimosa caerulea,Mimosa_caerulea,Mimosa,caerulea,,Species,2,0&1,5,2&3,0,10.8,10.8,,14,14,14,1.6,1.6,1.6,1.06,1.06,1.06,,,J. Rzedowski 20822 / M. Flores-Cruz 916 / V. Diego-Escobar et al. 19,UAMIZ22484 / UAMIZ40116 / UAMIZ55295,,,Mimosa_caerulea-Medina-Acosta-2018-5μm / Mimosa_caerulea-2-Medina-Acosta-2018-5μm / Mimosa_caerulea-3-Medina-Acosta-2018-5μm / Mimosa_caerulea-4-Medina-Acosta-2018-2μm / Mimosa_caerulea-5-Medina-Acosta-2018-1μm / Mimosa_caerulea-6-Medina-Acosta-2018-2μm / Mimosa_caerulea-7-Medina-Acosta-2018-200nm / Mimosa_caerulea-8-Medina-Acosta-2018-200nm
Mimosa caesalpiniifolia,Lima et al. 2008,Mimosa caesalpiniifolia,Mimosa_caesalpiniifolia,Mimosa,caesalpiniifolia,,Species,3,1,3,0&6,,9,10.5,9.8,12,13.5,12.9,,,,1,1,1,,,M.M. Silva et al.397,HUEFS,,,Mimosa_caesalpiniifolia-Lima-2008-5μm / Mimosa_caesalpiniifolia-2-Lima-2008-5μm
Mimosa calcicola,Medina-Acosta-2018,Mimosa calcicola,Mimosa_calcicola,Mimosa,calcicola,,Species,3,1,3&4,2&3,0&1,11.7,15.12,12.88,15.3,18.54,16.73,0.8,0.8,0.8,0.9,0.9,0.9,,,S. A. Montãno Arias et al. 15 / A. Martínez-Bernal et al. 277 / A. Martínez-Bernal et al. 266,UAMIZ65758 / UAMIZ68082 / -,,,Mimosa_calcicola-Medina-Acosta-2018-10μm / Mimosa_calcicola-2-Medina-Acosta-2018-2μm / Mimosa_calcicola-3-Medina-Acosta-2018-2μm / Mimosa_calcicola-4-Medina-Acosta-2018-2μm / Mimosa_calcicola-5-Medina-Acosta-2018-200nm / Mimosa_calcicola-6-Medina-Acosta-2018-200nm
Mimosa campicola var. campicola,Lima et al. 2008,Mimosa campicola var. campicola,Mimosa_campicola_campicola,Mimosa,campicola,campicola,Variety,2,,0&3,0&6,0&1,21,27,23.7,25.5,32,29.5,,,,1,1,1,,,A.M. Carvalho & J. Saunders 2886,HUEFS,,,
Mimosa candollei,Liau-Kang et al. 2024; Buril et al. 2010; Lima et al. 2008,Mimosa candollei  / Mimosa quadrivalvis var. leptocarpa,Mimosa_candollei,Mimosa,candollei,,Species,2,1&2,3&5,0&6,0&1,23.09,35.5,29.37,29.38,41,35.674,0.32,0.65,0.485,0.23,0.36,0.295,0.567,0.567,"C. Delfini 234, G. O. Romao & J. Rigon / S. Vieira 135, A. O. Araujo, R. Tsuji e G. S. C. Almeida / D.A. Araújo 207 / E. Córdula 30 / E. Córdula 275 / L.C.L. Lima et al. 182",ESA / UFP / UFP / UFP / HUEFS,ESA 120662 / ESA 85866 / UFP 47363 / UFP 47362 / UFP 47419 / HUEFS 97664,,"Mimosa_quadrivalvis_var. leptocarpa-Buril-2010-5μm / Mimosa_quadrivalvis_var. leptocarpa-2-Buril-2010-5μm / Mimosa_quadrivalvis_var. leptocarpa-3-Buril-2010-5μm / Mimosa_quadrivalvis_var. leptocarpa-Buril-2010-5μm / Mimosa_quadrivalvis_var. leptocarpa-2-Buril-2010-5μm / Mimosa_quadrivalvis_var. leptocarpa-3-Buril-2010-5μm / Mimosa_quadrivalvis_var. leptocarpa-Buril-2010-5μm / Mimosa_quadrivalvis_var. leptocarpa-2-Buril-2010-5μm / Mimosa_quadrivalvis_var. leptocarpa-3-Buril-2010-5μm / Mimosa_quadrivalvis_var. leptocarpa-Lima-2008-5μm / Mimosa_quadrivalvis_var. leptocarpa-2-Lima-2008-2,5μm"
Mimosa capito,Liau-Kang et al. 2024,Mimosa capito,Mimosa_capito,Mimosa,capito,,Species,2,1,0,0,1,11.2,13.8,12.7,17.7,22.5,20.1,,,,,,,,,J.A. Ratter 2619,SPF,,,
Mimosa ceratonia,Cruz et al. 2018,Mimosa ceratonia,Mimosa_ceratonia,Mimosa,ceratonia,,Species,5,1,4,3,,17.5,25,20.6,22.5,22.75,23.5,,,,2,2,2,1,1,E Santos 1500 & E Fromm 1478,HB,,,Mimosa_ceratonia-Cruz-2018-5μm / Mimosa_ceratonia-2-Cruz-2018-5μm / Mimosa_ceratonia-3-Cruz-2018-5μm
Mimosa ceratonia var. pseudo-obovata,Liau-Kang et al. 2024,Mimosa ceratonia var. pseudo-obovata,Mimosa_ceratonia_pseudoobovata,Mimosa,ceratonia,pseudo-obovata,Variety,2&3,1,5,0&3,,10.051,12.472,10.843,13.237,14.876,14.13,0.202,0.364,0.283,0.202,0.364,0.283,,,"H. C. de Lima 2797 (ESA 121223, RB 258411)",ESA,,,
Mimosa claussenii var. claussenii,Liau-Kang et al. 2024,Mimosa claussenii var. claussenii ,Mimosa_claussenii_claussenii,Mimosa,claussenii,claussenii,Variety,2,1,0&4&5,0,1,12.5,15,12.9,12.5,20,19.8,,,,,,,,,Pirani 1559,SPF,,,
Mimosa claussenii var. claviceps,Liau-Kang et al. 2024,Mimosa claussenii var. claviceps ,Mimosa_claussenii_claviceps,Mimosa,claussenii,claviceps,Variety,2,1,0,0,1,,,14.3,,,23,,,,,,,,,T.B. Cavalcante 1323,SPF,,,
Mimosa cordistipula,Lima et al. 2008,Mimosa cordistipula ,Mimosa_cordistipula,Mimosa,cordistipula,,Species,2,,0,0&6,0&1,21,23,21.7,25,28,26.1,,,,1,1,1,,,A. Oliveira et al. 86,HUEFS,,,Mimosa_cordistipula-Lima-2008-5μm / Mimosa_cordistipula-2-Lima-2008-5μm
Mimosa coruscocaesia,Santos-Silva et al. 2013,Mimosa coruscocaesia ,Mimosa_coruscocaesia,Mimosa,coruscocaesia,,Species,2,1,3,,,12.5,15.6,13.8,17.8,22.5,19.7,,,,,,,,,G. Hatschbach 39486 / M. F. Simon 324,MBM / UB,,,Mimosa_coruscocaesia-Santos-Silva-2013-10μm / Mimosa_coruscocaesia-2-Santos-Silva-2013-10μm
Mimosa craspedisetosa,Santos-Silva et al. 2013,Mimosa craspedisetosa / Mimosa ferricola,Mimosa_craspedisetosa,Mimosa,craspedisetosa,,Species,2,1,3,0&6,,8,18.6,12.2,10.5,23.3,15.25,,,,,,,,,A. Fuentes and G. Navarro 2195 / G. Hatschbach 60807,NY / MBM,,,Mimosa_craspedisetosa-Santos-Silva-2013-10μm
Mimosa cruenta,Liau-Kang et al. 2024,Mimosa cruenta ,Mimosa_cruenta,Mimosa,cruenta,,Species,2,1,5,2&3,,8.564,10.635,9.537,12.853,17.137,14.905,0.66,0.901,0.7805,0.104,0.209,0.157,,,JA Jarenkow 3672 (ESA 60484),ESA,,,
Mimosa daleoides,Medina-Acosta-2018,Mimosa daleoides ,Mimosa_daleoides,Mimosa,daleoides,,Species,2,,4,6,1&2,27,37.8,31.27,27.9,38.7,32.54,3.55,,3.55,1.57,1.57,1.57,,,E. Barbosa 2663 / E. Zardini et al. 15387 / W. Hahn et al. 894,MEXU1312835 / MEXU632254 / MEXU452097,,,Mimosa_daleoides-Medina-Acosta-2018-10μm / Mimosa_daleoides-2-Medina-Acosta-2018-10μm / Mimosa_daleoides-3-Medina-Acosta-2018-10μm / Mimosa_daleoides-4-Medina-Acosta-2018-10μm / Mimosa_daleoides-5-Medina-Acosta-2018-5μm / Mimosa_daleoides-6-Medina-Acosta-2018-5μm / Mimosa_daleoides-7-Medina-Acosta-2018-2μm / Mimosa_daleoides-8-Medina-Acosta-2018-2μm / Mimosa_daleoides-9-Medina-Acosta-2018-0.5μm / Mimosa_daleoides-10-Medina-Acosta-2018-1μm
Mimosa dalyi,Santos-Silva et al. 2013,Mimosa dalyi ,Mimosa_dalyi,Mimosa,dalyi,,Species,2,1,3,6,,11.8,14,13,14.8,17,15.6,,,,,,,,,M. Nee 37871,NY,,,Mimosa_dalyi-Santos-Silva-2013-10μm
Mimosa debilis var. debilis,Lima et al. 2008,Mimosa debilis var. debilis ,Mimosa_debilis_debilis,Mimosa,debilis,debilis,Variety,2,1,0&5,0,1,10,11,10.2,10,11,10.7,,,,0.8,0.8,0.8,,,T.S. Nunes et al. 1027,HUEFS,,,Mimosa_debilis_var. debilis-Lima-2008-5μm
Mimosa dichroa,Santos-Silva et al. 2013,Mimosa dichroa ,Mimosa_dichroa,Mimosa,dichroa,,Species,3,1,4,0,1,8.5,9,8.9,10,11,10.5,,,,,,,,,G. Pereira-Silva 4565 / H.G.P. dos Santos 424,CEN / UEC,,,Mimosa_dichroa-Santos-Silva-2013-10μm
Mimosa diplotricha var. diplotricha,Liau-Kang et al. 2024,Mimosa diplotricha var. diplotricha ,Mimosa_diplotricha_diplotricha,Mimosa,diplotricha,diplotricha,Variety,2,1,3,2,1,23.661,28.22,25.966,29.943,40.221,34.061,1.044,1.67,1.357,0.835,1.337,1.086,,,"Kuntz, J. 445",ESA,,,
Mimosa dolens var. dolens,Liau-Kang et al. 2024,Mimosa dolens var. dolens,Mimosa_dolens_dolens,Mimosa,dolens,dolens,Variety,2,0,5,6,,10.385,13.539,11.988,11.566,14.235,13.169,0.204,0.323,0.2635,0.204,0.306,0.268,,,,,,,
Mimosa dryandroides,Liau-Kang et al. 2024,Mimosa dryandoides ,Mimosa_dryandroides,Mimosa,dryandroides,,Species,2,1,0&5,0&6,,7.305,9.84,8.682,11.648,15.195,13.117,0.522,0.669,0.5955,0.148,0.33,0.239,,,J. M. 38180 ( ESA 129629),ESA,,,
Mimosa elliptica,Cruz et al. 2018,Mimosa elliptica ,Mimosa_elliptica,Mimosa,elliptica,,Species,3,1,3,3,0&1,20,22.5,22,27.5,32.5,27.8,,,,2,2,2,1,1,Sampaio 1325,R,,,Mimosa_elliptica-Cruz-2018-5μm / Mimosa_elliptica-2-Cruz-2018-5μm / Mimosa_elliptica-3-Cruz-2018-5μm
Mimosa ephedroides,Caccavari 2002,Mimosa ephedroides ,Mimosa_ephedroides,Mimosa,ephedroides,,Species,3,2,4,0,1,,,,,,18,,,,,,,,,Sayago 2427,SI,,,Mimosa_ephedroides-Caccavari-2002-10µm
Mimosa exalbescens,Lima et al. 2008,Mimosa exalbescens ,Mimosa_exalbescens,Mimosa,exalbescens,,Species,3,1,0,0&6,1,10,11,10.5,13,15,13.8,,,,0.5,0.5,0.5,,,F. França et al. 3865,HUEFS,,,Mimosa_exalbescens-Lima-2008-5μm
Mimosa fiebrigii,Santos-Silva et al. 2013,Mimosa fiebrigii ,Mimosa_fiebrigii,Mimosa,fiebrigii,,Species,2,1,3,0&6,,10.6,16.5,14.5,15.6,20.5,17.1,,,,,,,,,J. S. Silva and G. H. Shimizu 911 / S. A. Faria and H. C. Lima s.n.,UEC / SMF 1432,,,Mimosa_fiebrigii-Santos-Silva-2013-10μm / Mimosa_fiebrigii-2-Santos-Silva-2013-10μm
Mimosa filipes,Lima et al. 2008,Mimosa filipes ,Mimosa_filipes,Mimosa,filipes,,Species,2,1,0,0&6,0&1,17.5,22.5,20.5,20,25,21.7,,,,1.1,1.1,1.1,,,L.C.L. Lima et al. 170 / L.C.L. Lima et al. 176,HUEFS / HUEFS,,,
Mimosa floridana,Flores-Cruz et al. 2006,Mimosa quadrivalvis var. floridana ,Mimosa_floridana,Mimosa,floridana,,Species,2,1,1,6,,25,25,25,28,28,28,1.3,1.3,1.3,1.3,1.3,1.3,,,"O. Lakela 24550, 24712",TEX,,,
Mimosa foliolosa var. brevibractea,Liau-Kang et al. 2024,Mimosa foliolosa var. brevibractea ,Mimosa_foliolosa_brevibractea,Mimosa,foliolosa,brevibractea,Variety,2,1,0&3,0,1,12,15,13,17.5,22.5,20.1,,,,,,,,,CFCR 1061,SPF,,,
Mimosa foliolosa var. franciscana,Liau-Kang et al. 2024,Mimosa foliolosa var. franciscana ,Mimosa_foliolosa_franciscana,Mimosa,foliolosa,franciscana,Variety,2,1,0&3,0,1,10.9,13,12.5,15.5,22.5,20.6,,,,,,,,,CFCR 15241,SPF,,,
Mimosa foliolosa var. multipinna,Liau-Kang et al. 2024,Mimosa foliolosa var. multipinna ,Mimosa_foliolosa_multipinna,Mimosa,foliolosa,multipinna,Variety,2,1,0&3,0,1,12.5,15,13.1,17.5,22.5,19.7,,,,,,,,,W. Thomas 5794,SPF,,,
Mimosa foliolosa var. pachycarpa,Liau-Kang et al. 2024,Mimosa foliolosa var. pachycarpa ,Mimosa_foliolosa_pachycarpa,Mimosa,foliolosa,pachycarpa,Variety,2,1,3,0,,10.536,17.595,13.474,15.661,22.439,18.019,0.319,0.606,0.4625,0.303,0.452,0.378,,,"V. C. Souza 10280, J. Paula-Souza, V. R. Scalon, F. J. Campos 10280 (ESA 36094)",ESA,,,
Mimosa foliolosa var. paranani,Liau-Kang et al. 2024,Mimosa foliolosa var. paranani ,Mimosa_foliolosa_paranani,Mimosa,foliolosa,paranani,Variety,2,1,3&5,0&2,,17.74,21.36,19.579,11.075,14.194,12.459,0.198,0.396,0.297,0.198,0.289,0.233,,,YBS76,SPSC,,,
Mimosa foliolosa var. pubescens,Liau-Kang et al. 2024,Mimosa foliolosa var. pubescens ,Mimosa_foliolosa_pubescens,Mimosa,foliolosa,pubescens,Variety,2,1,3&5,0&2,,11.519,14.766,13.304,17.084,21.566,19.138,0.635,1.044,0.8395,0.295,0.418,0.357,,,J. Paula-Souza 4270 / M. F. Simon 2578,ESA /CEN,,,
Mimosa foliolosa var. vernicosa,Liau-Kang et al. 2024,Mimosa foliolosa var. vernicosa ,Mimosa_foliolosa_vernicosa,Mimosa,foliolosa,vernicosa,Species,2,1,0&4&5,0,1,10,13.7,12.12,17.5,22.5,18.8,,,,,,,,,"A. Furlan, CFCR 3208",SPF,,,
Mimosa foliolosa var. viscidula,Liau-Kang et al. 2024,Mimosa foliolosa var. viscidula ,Mimosa_foliolosa_viscidula,Mimosa,foliolosa,viscidula,Variety,2,1,0,0,1,11.3,16,13,18.7,22.5,20.6,,,,,,,,,CFCR 10502,SPF,,,
Mimosa gemmulata,Liau-Kang et al. 2024; Lima et al. 2008; Santos-Silva et al. 2013,Mimosa gemmulata ,Mimosa_gemmulata,Mimosa,gemmulata,,Species,2,1,0&4&5,0&6,,9.93,20,15.617,14.58,25,21.143,,,,1,1,1,,,M.L.S. Guedes et al. 7934 / R. M. Harley 21116 / A. M. G. A. Tozzi and L. S. Kinoshita 526 / G. Hatschbach 55117,HUEFS / UEC / UEC / MBM,HUEFS 55378 / US 2965619 / UEC 125252 / MBM 140974,,Mimosa_gemmulata-Santos-Silva-2013-1μm / Mimosa_gemmulata-2-Santos-Silva-2013-1μm
Mimosa glutinosa,Santos-Silva et al. 2013,Mimosa glutinosa ,Mimosa_glutinosa,Mimosa,glutinosa,,Species,2,1,3,0,1,10,14.5,12.8,16.8,20,18.5,,,,,,,,,J. S. Silva 857 / J. S. Silva and J. C. Galvão 852,UEC / UEC,,,Mimosa_glutinosa-Santos-Silva-2013-10μm / Mimosa_glutinosa-2-Santos-Silva-2013-1μm
Mimosa guilandinae var. extensissima,Caccavari 2002,Mimosa guilandinae var. extensissima ,Mimosa_guilandinae_extensissima,Mimosa,guilandinae,extensissima,Variety,5,1,1,0,0&1,,,,,,23,,,,,,,,,Schunke 1881 COL.136017,COL,,,Mimosa_guilandinae_var. extensissima-Caccavari-2002-10µm / Mimosa_guilandinae_var. extenssisima-2-Caccavari-2002-10µm / Mimosa_guilandinae_var. extenssisima-3-Caccavari-2002-10µm
Mimosa hapaloclada,Santos-Silva et al. 2013,Mimosa hapaloclada ,Mimosa_hapaloclada,Mimosa,hapaloclada,,Species,3,1,0,6,,10,17.7,15.5,19.7,24.2,22.1,,,,,,,,,F. R. Martins 16250 / G. Hatschbach 60460,UEC / MBM,,,Mimosa_hapaloclada-Santos-Silva-2013-1μm
Mimosa hebecarpa,Santos-Silva et al. 2013,Mimosa hebecarpa ,Mimosa_hebecarpa,Mimosa,hebecarpa,,Species,2,1,3,0,,13,15.2,14,17.2,22,18.1,,,,,,,,,H. F. Leitão Filho 2113 / J. S. Silva and G. H. Shimizu 952,UEC / UEC,,,Mimosa_hebecarpa-Santos-Silva-2013-1μm
Mimosa hexandra,Lima et al. 2008,Mimosa hexandra ,Mimosa_hexandra,Mimosa,hexandra,,Species,3,,0,0&6,,10,11.5,10.9,13,16,14.6,,,,0.5,0.5,0.5,,,A.T.A. Rodarte 133,HUEFS,,,Mimosa_hexandra-Lima-2008-5μm
Mimosa hystricina,Flores-Cruz et al. 2006,Mimosa hystricina ,Mimosa_hystricina,Mimosa,hystricina,,Species,2,1,0,6,1,24,24,24,27,27,27,1.3,1.3,1.3,1.3,1.3,1.3,,,D. S. Correll 32974 /  A. Lasseigne 1577,TEX / MEXU,,,Mimosa_hystricina-Flores-Cruz-2006-10μm / Mimosa_hystricina-2-Flores-Cruz-2006-1μm
Mimosa insignis,Santos-Silva et al. 2013,Mimosa insignis ,Mimosa_insignis,Mimosa,insignis,,Species,2,1,3,0,1,11.2,13.1,12.5,13.5,20,16.6,,,,,,,,,J. S. Silva and G. H. Shimizu 900 / A. Pott 14130,UEC / UEC,,,Mimosa_insignis-Santos-Silva-2013-1μm
Mimosa interrupta,Santos-Silva et al. 2013,Mimosa interrupta ,Mimosa_interrupta,Mimosa,interrupta,,Species,2,1,3,0&6,,9,13.5,10.5,15,19,17.5,,,,,,,,,A. Pott 14130 / J. A. Ratter and A. J. Santos s.n.,UEC / UEC,,,Mimosa_interrupta-Santos-Silva-2013-1μm
Mimosa invisa,Buril et al. 2010; Lima et al. 2008,Mimosa invisa ,Mimosa_invisa,Mimosa,invisa,,Species,2,1&2,0&3,0&6,1,16.3,20.2,18.033,17.5,25.9,22.233,,,,1,1.4,1.2,,,E. Córdula 83 / E. Córdula 272 / L.P. Queiroz 5818,HUEFS / UFP / HUEFS,HUEFS 117731 / UFP 47423 / HUEFS 43565,,Mimosa_invisa-Buril-2010-5μm / Mimosa_invisa-2-Buril-2010-5μm / Mimosa_invisa-3-Buril-2010-5μm / Mimosa_invisa-Buril-2010-5μm / Mimosa_invisa-2-Buril-2010-5μm / Mimosa_invisa-3-Buril-2010-5μm / Mimosa_invisa-Lima-2008-5μm
Mimosa invisa var. macrostachya,Liau-Kang et al. 2024,Mimosa invisa var. macrostachya ,Mimosa_invisa_macrostachya,Mimosa,invisa,macrostachya,Variety,2,1,3,0,,15.045,20.318,16.959,19.822,27.114,23.787,0.418,0.842,0.63,0.209,0.467,0.338,,,L.V. B. bufo & P. C. Sabadim s.n.,ESA,,,
Mimosa irrigua,Lima et al. 2008,Mimosa irrigua ,Mimosa_irrigua,Mimosa,irrigua,,Species,3,,0&5,0&6,0&1,12,14,13.1,17.5,20,18.5,,,,1,1,1,,,M.L.S. Guedes et al. 7961,HUEFS,HUEFS 55081,,
Mimosa laniceps,Liau-Kang et al. 2024,Mimosa laniceps ,Mimosa_laniceps,Mimosa,laniceps,,Species,2,1,0,0,1,12.5,17.6,13.5,17.5,22.5,21,,,,,,,,,Irwin 24658,SPF,,,
Mimosa laticifera,Liau-Kang et al. 2024; Barth 1973,Mimosa laticifera ,Mimosa_laticifera,Mimosa,laticifera,,Species,3,1,3,6,0&1,10.5,22.623,15.572,14,28.909,20.403,0.425,1.001,0.713,0.2,0.425,0.313,,,VC Souza 15003 (ESA 44188) / O. M. Barth 808,ESA / ?,,,
Mimosa latidens,Flores-Cruz et al. 2006,Mimosa latidens ,Mimosa_latidens,Mimosa,latidens,,Species,2,1,0,6,,30,30,30,33,33,33,1.3,1.3,1.3,1.3,1.3,1.3,,,R. Runyon 3790 / A. Heller 1179 / Rzedowski 4578 / D. Flyr 1552,TEX / BRIT / ENCB / TEX,,,Mimosa_latidens-Flores-Cruz-2006-10μm
Mimosa lepidophora,Lima et al. 2008,Mimosa lepidophora ,Mimosa_lepidophora,Mimosa,lepidophora,,Species,4,0&1,1,0,0,16,21,18.6,21,24,22.7,,,,1.1,1.1,1.1,,,L.P. Queiroz et al. 9666,HUEFS,,,Mimosa_lepidophora-Lima-2008-5μm / Mimosa_lepidophora-2-Lima-2008-5μm / Mimosa_lepidophora-3-Lima-2008-5μm
Mimosa lewisii,Lima et al. 2008,Mimosa lewisii ,Mimosa_lewisii,Mimosa,lewisii,,Species,2,1,0,0&6,,15,17.5,17.1,20,25.5,23.5,,,,1.1,1.1,1.1,,,L.C.L. Lima et al. 171 / L.C.L. Lima et al. 178,HUEFS / HUEFS,,,
Mimosa maguirei,Liau-Kang et al. 2024,Mimosa maguirei ,Mimosa_maguirei,Mimosa,maguirei,,Species,2,1,0&5,0,1,12.5,15,13.1,17.5,21.3,19.7,,,,,,,,,M.L.O. Trovó 417,SPF,,,
Mimosa manidea,Liau-Kang et al. 2024,Mimosa manidea,Mimosa_manidea,Mimosa,manidea,,Species,2,1,0&5,0,1,8.646,13.7,9.976,11.192,20,15.647,0.2,0.448,0.324,0.1,0.2,0.15,,,YBS74 / M.L.O. Trovó 462,SPSC / SPF,SPF 189849,,
Mimosa mensicola,Lima et al. 2008; Santos-Silva et al. 2013,Mimosa mensicola,Mimosa_mensicola,Mimosa,mensicola,,Species,3,1,4&5,0&6,,11,12,11.4,13,17,14.75,,,,1,1,1,,,F. França et al. 2840 / F. França 4687,HUEFS / HUEFS,HUEFS 37498 / HUEFS 74892,,
Mimosa misera,Lima et al. 2008,Mimosa misera ,Mimosa_misera,Mimosa,misera,,Species,2,,3,0&6,,16.3,22.5,20.1,25,27.5,25.9,,,,1.1,1.1,1.1,,,L.C.L. Lima et al. 169 / L.C.L. Lima et al. 177,HUEFS / HUEFS,,,Mimosa_misera-Lima-2008-5μm
Mimosa modesta,Lima et al. 2008,Mimosa modesta ,Mimosa_modesta,Mimosa,modesta,,Species,2,,0&5,0,,9,10,9.3,9.5,10,9.9,,,,0.7,0.7,0.7,,,A. Oliveira et al. 78,HUEFS,,,Mimosa_modesta-Lima-2008-5μm / Mimosa_modesta-2-Lima-2008-5μm
Mimosa morroensis,Lima et al. 2008,Mimosa morröensis ,Mimosa_morroensis,Mimosa,morroensis,,Species,2,1,0&5,0&6,0&1,8.5,9.5,9,10,12,11,,,,0.6,0.6,0.6,,,J.G.A. Nascimento & M.C. Machado 244,HUEFS,,,
Mimosa myrioglandulosa,Liau-Kang et al. 2024,Mimosa myrioglandulosa ,Mimosa_myrioglandulosa,Mimosa,myrioglandulosa,,Species,2,1,3&4,0,1,8.18,13.037,11.292,14.809,19.363,16.75,0.308,0.478,0.393,0.23,0.283,0.257,,,YBS91,SPSC,,,
Mimosa nothopteris,Santos-Silva et al. 2013,Mimosa nothopteris ,Mimosa_nothopteris,Mimosa,nothopteris,,Species,2,1,1,0,,10,15,13,10.5,18.4,16.5,,,,,,,,,G. P. Lewis and H. P. N. Pearson 1074,RB,,,Mimosa_nothopteris-Santos-Silva-2013-1μm
Mimosa obstrigosa,Caccavari 2002,Mimosa obstrigosa ,Mimosa_obstrigosa,Mimosa,obstrigosa,,Species,2,1,5,2,0&1,,,,,,10,,,,,,,,,Burkart 15444,SI,,,Mimosa_obstrigosa-Caccavari-2002-10µm
Mimosa occidentalis,Medina-Acosta-2018,Mimosa occidentalis ,Mimosa_occidentalis,Mimosa,occidentalis,,Species,2,0&1,5,2,0,10,10,10,15.1,15.1,15.1,0.75,0.75,0.75,0.87,0.87,0.87,,,E. Martínez S. 36905 / S. Zamudio R. et al. 550 / R. Grether et al. 1361,MEXU1174698 / UAMIZ48112 / UAMIZ14179,,,Mimosa_occidentalis-Medina-Acosta-2018-5μm / Mimosa_occidentalis-2-Medina-Acosta-2018-5μm / Mimosa_occidentalis-3-Medina-Acosta-2018-2μm / Mimosa_occidentalis-4-Medina-Acosta-2018-1μm / Mimosa_occidentalis-5-Medina-Acosta-2018-2μm / Mimosa_occidentalis-6-Medina-Acosta-2018-1μm / Mimosa_occidentalis-7-Medina-Acosta-2018-0.5μm
Mimosa oedoclada,Liau-Kang et al. 2024,Mimosa oedoclada ,Mimosa_oedoclada,Mimosa,oedoclada,,Species,2,1,3&5,0,,9.849,12.25,10.879,15.035,17.984,16.551,0.418,0.577,0.4975,0.33,0.752,0.541,,,YBS73,SPSC,,,
Mimosa ophthalmocentra,Buril et al. 2010; Lima et al. 2008; Santos-Silva et al. 2013,Mimosa ophthalmocentra,Mimosa_ophthalmocentra,Mimosa,ophthalmocentra,,Species,3,1,4,0&6,0&1&2,7.1,12.8,9.875,10.5,19.6,13.8,,,,0.6,0.6,0.6,,,L.C.L. Lima 180 / M.F. Simon 701 / M.J.S. Lemos et al. 142 / J. S. Silva 838 / Y. Melo 214,HUEFS / HUEFS / HUEFS / UEC / UFP,HUEFS 97662 / HUEFS 117269 / HUEFS 52488 / SPF 221499 (J. S. Silva 838),,Mimosa_ophtalmocentra-Buril-2010-5μm / Mimosa_ophtalmocentra-2-Buril-2010-5μm / Mimosa_ophtalmocentra-3-Buril-2010-5μm / Mimosa_ophtalmocentra-Buril-2010-5μm / Mimosa_ophtalmocentra-2-Buril-2010-5μm / Mimosa_ophtalmocentra-3-Buril-2010-5μm / Mimosa_ophthalmocentra-Santos-Silva-2013-10μm / Mimosa_ophthalmocentra-2-Santos-Silva-2013-SEM_ESCALA
Mimosa paludosa,Liau-Kang et al. 2024; Lima et al. 2008; Liau-Kang et al. 2024,Mimosa paludosa / Mimosa setosa var. paludosa,Mimosa_paludosa,Mimosa,paludosa,,Species,2,1,0&5,0&6,1,12.5,20,15.5,18.8,25,22.55,,,,,,1,,,YBS89 / A.S. Conceição et al. 411 / Pirani 2233,SPSC / HUEFS  / SPF ,HUEFS 40189 / SPF 60797,,
Mimosa papposa,Caccavari 2002,Mimosa papposa ,Mimosa_papposa,Mimosa,papposa,,Species,2,1,4&5,6,,,,,,,12,,,,,,,,,,,,,Mimosa_papposa-Caccavari-2002-10µm
Mimosa paraibana,Lima et al. 2008,Mimosa paraibana ,Mimosa_paraibana,Mimosa,paraibana,,Species,3,1,0,0&6,,9.5,10.5,10.2,13,15,13.8,,,,0.5,0.5,0.5,,,M.F. Agra et al. 5735,HUEFS,,,Mimosa_paraibana-Lima-2008-5μm
Mimosa pigra,Lima et al. 2008,Mimosa pigra ,Mimosa_pigra,Mimosa,pigra,,Species,2,1,0&3,6,,15,20,18.1,23.8,27.5,25.7,,,,1,1,1,,,L.P. Queiroz et al. 4775,HUEFS,IPA 81833,,
Mimosa pigra var. dehiscens,Liau-Kang et al. 2024,Mimosa pigra var. dehiscens  / Mimosa pigra,Mimosa_pigra_dehiscens,Mimosa,pigra,dehiscens,Variety,2,1,0&3,0&6,1,13.882,20,16.703,20,27.242,22.289,0.7,0.945,0.8225,0.313,0.43,0.372,,,J Paula-Souza 8103 / L.M. Borges 20,ESA / SPF,SPF 183407,J Paula-Souza 8103 = Mimosa pigra dehiscens,
Mimosa piresii,Liau-Kang et al. 2024,Mimosa piresii ,Mimosa_piresii,Mimosa,piresii,,Species,2,1,0&3,0,1,12.5,16.3,14.9,17.5,22.5,20.4,,,,,,,,,R.R.Riberio 1200,SPF,,,
Mimosa pithecolobioides,Lima et al. 2008; Liau-Kang et al. 2024,Mimosa pithecolobioides,Mimosa_pithecolobioides,Mimosa,pithecolobioides,,Species,4,1,1,0,,14,21.328,16.969,21,25,23.174,0.204,0.421,0.3125,0.144,1,0.307,,,J.G. Jardim et al. 3274,HUEFS,,,Mimosa_pithecolobioides-Lima-2008-5μm
Mimosa pringlei var. pringlei,Medina-Acosta-2018,Mimosa pringlei var. pringlei ,Mimosa_pringlei_pringlei,Mimosa,pringlei,pringlei,Variety,3,1,4,2,0&1,11.7,13.5,12.61,15.3,18,16.56,0.76,0.76,0.76,0.87,0.87,0.87,,,J. Rzedowski 53916 / E. Carranza 3305 / R. Grether et al. 2746,IEB53916 / - / -,,,Mimosa_pringlei_var.pringlei-Medina-Acosta-2018-10μm / Mimosa_pringlei_var.pringlei-2-Medina-Acosta-2018-10μm / Mimosa_pringlei_var.pringlei-3-Medina-Acosta-2018-5μm / Mimosa_pringlei_var.pringlei-4-Medina-Acosta-2018-2μm / Mimosa_pringlei_var.pringlei-5-Medina-Acosta-2018-200nm / Mimosa_pringlei_var.pringlei-6-Medina-Acosta-2018-200nm
Mimosa prorepens,Liau-Kang et al. 2024,Mimosa prorepens ,Mimosa_prorepens,Mimosa,prorepens,,Species,2,1,0&5,0,1,10,12.6,11.8,12.5,18,16.9,,,,,,,,,Hatschback 60171,SPF,,,
Mimosa pseudosepiaria,Lima et al. 2008,Mimosa pseudosepiaria ,Mimosa_pseudosepiaria,Mimosa,pseudosepiaria,,Species,3,1,0,0&6,,9,14,10.4,13,16.5,14.9,,,,0.5,0.5,0.5,,,L. Passos et al. 389,HUEFS,,,
Mimosa pteridifolia,Liau-Kang et al. 2024; Santos-Silva et al. 2013,Mimosa pteridifolia,Mimosa_pteridifolia,Mimosa,pteridifolia,,Species,1&2,1,4&5,6,,10.746,18.1,14.655,17.149,26.3,20.346,0.295,0.453,0.374,0.202,0.365,0.284,,,YBS37 / M. M. Arbo 3652 / M. Macedo 1089,SPSC / UEC / UEC,NY 00934110 (M. M. Arbo 3652) / UEC 30953,,
Mimosa pudica,Lima et al. 2008,Mimosa pudica ,Mimosa_pudica,Mimosa,pudica,,Species,2,1,0&5,0,1,9,11,10.1,10,11,10.4,,,,0.5,0.5,0.5,,,F. França et al. 1735,HUEFS,HUEFS 23306,,Mimosa_pudica-Lima-2008-5μm / Mimosa_pudica-2-Lima-2008-5μm
Mimosa quadrivalvis var. angustata,Flores-Cruz et al. 2006,Mimosa quadrivalvis var. angustata ,Mimosa_quadrivalvis_angustata,Mimosa,quadrivalvis,angustata,Variety,2,1,0,6,,27,27,27,30,30,30,1.3,1.3,1.3,1.3,1.3,1.3,,,"J. K. Small s/n / R. Kral 4826, 4829",NY / BRIT,1453340,,
Mimosa quadrivalvis var. diffusa,Flores-Cruz et al. 2006,Mimosa quadrivalvis var. diffusa ,Mimosa_quadrivalvis_diffusa,Mimosa,quadrivalvis,diffusa,Variety,2,1,0,6,1,28,28,28,31,31,31,1.3,1.3,1.3,1.3,1.3,1.3,,,J. González Ortega 5957 / M. Flores-Cruz & E. Lott 1367,TEX / CHAPA,,,
Mimosa quadrivalvis var. jaliscensis,Flores-Cruz et al. 2006,Mimosa quadrivalvis var. jaliscensis ,Mimosa_quadrivalvis_jaliscensis,Mimosa,quadrivalvis,jaliscensis,Variety,2,1,0,6,1,30,30,30,36,36,36,1.3,1.3,1.3,1.3,1.3,1.3,,,C. G. Pringle 4453 / J. J. Reynoso et al. 996,MEXU / IBUG,,,
Mimosa quadrivalvis var. nuttallii,Flores-Cruz et al. 2006,Mimosa nuttallii ,Mimosa_quadrivalvis_nuttallii,Mimosa,quadrivalvis,nuttallii,Variety,2,1,0,6,,26,26,26,29,29,29,1.3,1.3,1.3,1.3,1.3,1.3,,,D. S. Correll 16380 / L. H. Shinners 12423,TEX / BRIT,,,
Mimosa quadrivalvis var. occidentalis,Flores-Cruz et al. 2006,Mimosa rupertiana ,Mimosa_quadrivalvis_occidentalis,Mimosa,quadrivalvis,occidentalis,Variety,2,1,0,2,1,27,27,27,30,30,30,1.3,1.3,1.3,1.3,1.3,1.3,,,M. W. Bierner 91-50 / R. D. Worthington 7082,TEX / TEX,,,
Mimosa quadrivalvis var. paucijuga,Flores-Cruz et al. 2006,Mimosa paucijuga ,Mimosa_quadrivalvis_paucijuga,Mimosa,quadrivalvis,paucijuga,Variety,2,1,0,6,,30,30,30,35,35,35,0.6,0.6,0.6,0.6,0.6,0.6,,,C. G. Pringle 11432,MEXU,,,Mimosa_paucijuga-Flores-Cruz-2006-1μm
Mimosa quadrivalvis var. platycarpa,Flores-Cruz et al. 2006,Mimosa roemeriana ,Mimosa_quadrivalvis_platycarpa,Mimosa,quadrivalvis,platycarpa,Variety,2,1,0,2,,29,29,29,33,33,33,1.3,1.3,1.3,1.3,1.3,1.3,,,B. L. Turner 99-157 / V. L. Cory 59271,TEX / BRIT,,,
Mimosa quadrivalvis var. quadrivalvis,Flores-Cruz et al. 2006,Mimosa quadrivalvis var. quadrivalvis ,Mimosa_quadrivalvis_quadrivalvis,Mimosa,quadrivalvis,quadrivalvis,Variety,2,1,0,6,1,32,32,32,35,35,35,1.3,1.3,1.3,1.3,1.3,1.3,,,M. Flores-Cruz & A. Martínez-Bernal 1315 / J. Dorantes D-5027,CHAPA / MEXU,,,
Mimosa quadrivalvis var. urbaniana,Flores-Cruz et al. 2006,Mimosa quadrivalvis var. urbaniana ,Mimosa_quadrivalvis_urbaniana,Mimosa,quadrivalvis,urbaniana,Variety,2,1,0,2,0&1,25,25,25,28,28,28,,,,,,,,,Axelrod 2498,NY,,,
Mimosa regnellii var. supersetosa,Caccavari 2002,Mimosa regnelli var. supercetosa ,Mimosa_regnellii_supersetosa,Mimosa,regnellii,supersetosa,Variety,2,,0&3,6,,,,,,,27,,,,,,,,,Pereira 8365,RB,,,Mimosa_regnellii-Caccavari-2002-10µm
Mimosa rhodostegia,Liau-Kang et al. 2024,Mimosa rhodostegia ,Mimosa_rhodostegia,Mimosa,rhodostegia,,Species,2,1,0&3,0,1,12.5,15,13.4,17.5,22.5,20.7,,,,,,,,,M.L. Fonseca 590,SPF,,,
Mimosa robusta,Flores-Cruz et al. 2006,Mimosa robusta ,Mimosa_robusta,Mimosa,robusta,,Species,2,1,0,6,0&1,39,39,39,47,47,47,1.3,1.3,1.3,1.3,1.3,1.3,,,M. Flores- Cruz & F. Riveros 1370 / M. Flores-Cruz & F. Riveros 1330,CHAPA / CHAPA,,,Mimosa_robusta-Flores-Cruz-2006-10μm / Mimosa_robusta-2-Flores-Cruz-2006-10μm
Mimosa rupigena,Liau-Kang et al. 2024,Mimosa setosa var. rupigena ,Mimosa_rupigena,Mimosa,rupigena,,Species,2,1,0&3,0,1,12.5,15,13.4,17.5,21.3,19.5,,,,,,,,,"J. Semir, CFCR 179",SPF,,,
Mimosa scabrella,Liau-Kang et al. 2024; Bauermann et al. 2009,Mimosa scabrella,Mimosa_scabrella,Mimosa,scabrella,,Species,2,2,0&5,8,1,8,11.905,9.575,12,15.601,13.49,0.4,0.807,0.6035,0.448,0.641,0.772,,,V. C. Souza 39542 / S. Diesel 604,ESA / HERULBRA,HERULBRA 1504,US 3397213 = S. Diesel 1504,
Mimosa schomburgkii,Santos-Silva et al. 2013,Mimosa schomburgkii ,Mimosa_schomburgkii,Mimosa,schomburgkii,,Species,1&2,1,4&5,0&6,0&1,12.5,20,16.1,17.5,43.7,30,,,,,,,,,E. P. Heringer 13935 / G. E. Valente 841,UEC / UEC,,,Mimosa_schomburgkii-Santos-Silva-2013-SEM_ESCALA / Mimosa_schomburgkii-2-Santos-Silva-2013-1μm
Mimosa sensitiva,Buril et al. 2010,Mimosa sensitiva,Mimosa_sensitiva,Mimosa,sensitiva,,Species,2,1,5,0,1,,,,7.7,9.6,8.65,,,,,,,,,Y. Melo 182 / E. Córdula 266,UFP / UFP,UFP 47358 / UFP 47361,,Mimosa_sensitiva-Buril-2010-5μm / Mimosa_sensitiva-2-Buril-2010-5μm / Mimosa_sensitiva-3-Buril-2010-5μm / Mimosa_sensitiva-Buril-2010-5μm / Mimosa_sensitiva-2-Buril-2010-5μm / Mimosa_sensitiva-3-Buril-2010-5μm
Mimosa sensitiva var. sensitiva,Lima et al. 2008,Mimosa sensitiva var. sensitiva ,Mimosa_sensitiva_sensitiva,Mimosa,sensitiva,sensitiva,Variety,2,0,0&5,0,2,8,9,8.3,8,10,8.8,,,,1,1,1,,,L.C.L. Lima et al. 181,HUEFS,,,
Mimosa sericantha,Santos-Silva et al. 2013,Mimosa sericantha ,Mimosa_sericantha,Mimosa,sericantha,,Species,2,1,3&5,6,,10,13,11.9,17.2,31,23,,,,,,,,,G. Arbocz 685 / R. Farias 388,UEC / UEC,,,Mimosa_sericantha-Santos-Silva-2013-10μm / Mimosa_sericantha-2-Santos-Silva-2013-1μm
Mimosa setosissima,Liau-Kang et al. 2024,Mimosa setosissima ,Mimosa_setosissima,Mimosa,setosissima,,Species,2,1,0&5,0,1,10,18.7,12.1,15,20,17.2,,,,,,,,,Anderson 10236,SPF,,,
Mimosa setuligera,Lima et al. 2008,Mimosa setuligera ,Mimosa_setuligera,Mimosa,setuligera,,Species,2,1,5,0&6,0&1,10,12,10.9,11.5,14,12.7,,,,1,1,1,,,J.G.A. Nascimento et al. 108,HUEFS,,,Mimosa_setuligera-Lima-2008-5μm
Mimosa somnians var. somnians,Lima et al. 2008,Mimosa somnians var. somnians ,Mimosa_somnians_somnians,Mimosa,somnians,somnians,Variety,2,1,0&3,0&6,,10,13.8,12.5,15,22.5,20.1,,,,1,1,1,,,L.P. Queiroz & N.S. Nascimento 3566,HUEFS,,,
Mimosa sousae,Medina-Acosta-2018,Mimosa sousae ,Mimosa_sousae,Mimosa,sousae,,Species,2,0&1,5,2&3,0,10.33,10.33,10.33,14.67,14.67,14.67,1.63,1.63,1.63,1.04,1.04,1.04,,,A. Martínez-Bernal et al. 918 / C. Martínez R. 96 / C. Martínez R. 594,UAMIZ68085 / MEXU456461 / MEXU447971,,,Mimosa_sousae-Medina-Acosta-2018-5μm / Mimosa_sousae-2-Medina-Acosta-2018-5μm / Mimosa_sousae-3-Medina-Acosta-2018-5μm / Mimosa_sousae-4-Medina-Acosta-2018-5μm / Mimosa_sousae-5-Medina-Acosta-2018-2μm / Mimosa_sousae-6-Medina-Acosta-2018-500nm / Mimosa_sousae-7-Medina-Acosta-2018-0.5μm
Mimosa spirocarpa,Medina-Acosta-2018,Mimosa spirocarpa ,Mimosa_spirocarpa,Mimosa,spirocarpa,,Species,3,1,5,2&3,0&1,8.91,12.6,10.53,11.7,15.3,13.68,0.75,0.75,0.75,0.87,0.87,0.87,,,R. Grether et al. 2492 / A. Espejo et al. 4486 / R. Grether et al. 2487,UAMIZ49764 / UAMIZ47020 / UAMIZ27296,,,Mimosa_spirocarpa-Medina-Acosta-2018-5μm / Mimosa_spirocarpa-2-Medina-Acosta-2018-5μm / Mimosa_spirocarpa-3-Medina-Acosta-2018-5μm / Mimosa_spirocarpa-4-Medina-Acosta-2018-5μm / Mimosa_spirocarpa-5-Medina-Acosta-2018-2μm / Mimosa_spirocarpa-6-Medina-Acosta-2018-2μm / Mimosa_spirocarpa-7-Medina-Acosta-2018-200nm / Mimosa_spirocarpa-8-Medina-Acosta-2018-200nm / Mimosa_spirocarpa-9-Medina-Acosta-2018-200nm
Mimosa spixiana,Santos-Silva et al. 2013,Mimosa spixiana ,Mimosa_spixiana,Mimosa,spixiana,,Species,2,1,0&5,0,0,13.5,18,16,17.5,22.5,18.2,,,,,,,,,A. B. Sampaio 551,UFG,,,Mimosa_spixiana-Santos-Silva-2013-1μm / Mimosa_spixiana-2-Santos-Silva-2013-1μm
Mimosa strobiliflora,Liau-Kang et al. 2024,Mimosa strobiflora ,Mimosa_strobiliflora,Mimosa,strobiliflora,,Species,2,1,0&3,6,,10.783,15.547,13.784,18.32,22.546,20.16,0.753,1.495,1.124,0.234,0.431,0.333,,,O.S. Ribas 3600,ESA,,,
Mimosa subenervis,Lima et al. 2008,Mimosa subenervis ,Mimosa_subenervis,Mimosa,subenervis,,Species,2,1,0,0&6,0&1,19,25,21.7,26,30,28.5,,,,1,1,1,,,F. França et al. 3089,HUEFS,HUEFS 38506,,Mimosa_subenervis-Lima-2008-5μm
Mimosa subinermis,Flores-Cruz et al. 2006,Mimosa subinermis,Mimosa_subinermis,Mimosa,subinermis,,Species,2,1,0,2&3,0,26,26,26,30,30,30,,,,,,,,,E. Palmer 110,MEXU,,,Mimosa_subinermis-Flores-Cruz-2006-1μm
Mimosa taimbensis,Barth & Yoneshigue 1966,Mimosa taimbensis,Mimosa_taimbensis,Mimosa,taimbensis,,Species,2,0,0,4,2,8.4,15.8,11.9,14.7,23.1,19,1.7,,1.7,,1.7,1.2,,0.8,Reitz & Klein 6992,HBR,HBR 25857,,
Mimosa tandilensis,Caccavari 2002,Mimosa tandilensis ,Mimosa_tandilensis,Mimosa,tandilensis,,Species,2,1,0&5,6,0&1,,,,,,31,,,,,,,,,Ruiz Leal 22309,SI,,,Mimosa_tandilensis-Caccavari-2002-10µm
Mimosa tenuiflora,Buril et al. 2010; Lima et al. 2008; Santos-Silva et al. 2013; Liau-Kang et al. 2024,Mimosa tenuiflora,Mimosa_tenuiflora,Mimosa,tenuiflora,,Species,2,,0&5,0&7,1,7.8,19,14.063,11,25,20.373,0.2,0.51,0.355,0.4,0.61,0.505,,,M.T. Vital 87 / E. Córdula 186 / L.P. de Queiroz 7874 / L.P. Queiroz et al. 7841 / R. M. Harley 18971 / J. S. Silva 837 / J. S. Silva 890 / RP Lyra-Lemos 6998,UFP / UFP / HUEFS / HUEFS / UEC / UEC / UEC / ESA,UFP 47457 / UFP 47465 / HUEFS 72632 / HUEFS 72599 / COR 17709 (J. S. Silva 837) / ESA 99145,,Mimosa_tenuiflora-Buril-2010-5μm / Mimosa_tenuiflora-2-Buril-2010-5μm / Mimosa_tenuiflora-3-Buril-2010-5μm / Mimosa_tenuiflora-Buril-2010-5μm / Mimosa_tenuiflora-2-Buril-2010-5μm / Mimosa_tenuiflora-3-Buril-2010-5μm / Mimosa_tenuiflora-Buril-2010-5μm / Mimosa_tenuiflora-2-Buril-2010-5μm / Mimosa_tenuiflora-3-Buril-2010-5μm / Mimosa_tenuiflora-Lima-2008-5μm / Mimosa_tenuiflora-2-Lima-2008-5μm / Mimosa_tenuiflora-Santos-Silva-2013-1μm / Mimosa_tenuiflora-2-Santos-Silva-2013-1μm
Mimosa tetragona,Flores-Cruz et al. 2006,Mimosa tetragona ,Mimosa_tetragona,Mimosa,tetragona,,Species,2,1,0,2,,25,25,25,30,30,30,,,,,,,,,J. A. Duke 5691 / R. Van et al. 3121,MO / NY,,,Mimosa_tetragona-Flores-Cruz-2006-1μm
Mimosa trianae,Santos-Silva et al. 2013,Mimosa trianae ,Mimosa_trianae,Mimosa,trianae,,Species,1&2,1,,,,12.9,15,14,13.2,20,15.5,,,,,,,,,D. O. Allen 3326,MO,,,
Mimosa ulbrichiana,Lima et al. 2008,Mimosa ulbrichiana ,Mimosa_ulbrichiana,Mimosa,ulbrichiana,,Species,2,0,0&3,0&6,0&1,19,22,20.5,25,29,26.8,,,,1,1,1,,,T.S. Nunes et al. 965,HUEFS,,,Mimosa_ulbrichiana-Lima-2008-5μm
Mimosa ulei var. ulei,Liau-Kang et al. 2024,Mimosa ulei var. ulei ,Mimosa_ulei_ulei,Mimosa,ulei,ulei,Variety,2,1,0&5,0,1,7.5,12.5,11.4,17.5,20,18.4,,,,,,,,,Forzza 386,SPF,,,
Mimosa ursina,Lima et al. 2008,Mimosa ursina,Mimosa_ursina,Mimosa,ursina,,Species,0&1,2,2,0,0,15,17,16,15,22,18.15,3.6,3.6,3.6,1.7,1.7,1.7,,,M.L.Guedes et al. PCD5161 / L.P. Queiroz et al. 9175 / T.S. Nunes et al. 1027A,HUEFS / HUEFS / HUEFS,HUEFS 28381 / HUEFS 82501 / HUEFS 111176,,Mimosa_ursina-Lima-2008-5μm / Mimosa_ursina-2-Lima-2008-5μm / Mimosa_ursina-3-Lima-2008-5μm / Mimosa_ursina-4-Lima-2008-5μm / Mimosa_ursina-5-Lima-2008-5μm / Mimosa_ursina-6-Lima-2008-5μm / Mimosa_ursina-7-Lima-2008-5μm / Mimosa_ursina-8-Lima-2008-5μm / Mimosa_ursina-9-Lima-2008-5μm
Mimosa velloziana,Lima et al. 2008,Mimosa velloziana ,Mimosa_velloziana,Mimosa,velloziana,,Species,2,2,0&5,0,,9,11,9.9,9.5,11,10.4,,,,0.5,0.5,0.5,,,L.P. Queiroz et al. 9185,HUEFS,,,
Mimosa verrucosa,Lima et al. 2008; Santos-Silva et al. 2013,Mimosa verrucosa,Mimosa_verrucosa,Mimosa,verrucosa,,Species,2,1,0,0&6,0,8,17.4,13.65,15.6,22.5,19.1,,,,1,1,1,,,K.R.B. Leite et al. 397 / J. S. Silva 827 / J. S. Silva and M. C. Abreu 877,HUEFS / UEC / UEC,HUEFS 75510 / COR 16793 (J. S. Silva 827),,Mimosa_verrucosa-Lima-2008-5μm / Mimosa_verrucosa-2-Lima-2008-5μm / Mimosa_verrucosa-Santos-Silva-2013-1μm / Mimosa_verrucosa-2-Santos-Silva-2013-1μm
Mimosa watsonii,Medina-Acosta-2018,Mimosa watsonii ,Mimosa_watsonii,Mimosa,watsonii,,Species,4,1,2,2&3,0,14.54,14.54,14.54,20.7,20.7,20.7,0.86,0.86,0.86,0.75,0.75,0.75,,,E. Martínez S. et al. 5797 / R. Torres C. et al. 7615 / E. Ventura et al. 2660,UAMIZ10551 / UAMIZ16109 / UAMIZ30668,,,Mimosa_watsonii-Medina-Acosta-2018-10μm / Mimosa_watsonii-2-Medina-Acosta-2018-10μm / Mimosa_watsonii-3-Medina-Acosta-2018-10μm / Mimosa_watsonii-4-Medina-Acosta-2018-10μm / Mimosa_watsonii-5-Medina-Acosta-2018-2μm / Mimosa_watsonii-6-Medina-Acosta-2018-2μm / Mimosa_watsonii-7-Medina-Acosta-2018-10μm / Mimosa_watsonii-8-Medina-Acosta-2018-1μm / Mimosa_watsonii-9-Medina-Acosta-2018-2μm / Mimosa_watsonii-10-Medina-Acosta-2018-500nm / Mimosa_watsonii-11-Medina-Acosta-2018-200nm
Mimosa xavantinae,Santos-Silva et al. 2013,Mimosa xavantinae ,Mimosa_xavantinae,Mimosa,xavantinae,,Species,2,1,,,,9,15,13,10,16.7,14.5,,,,,,,,,W. R. Anderson 9668,NY,,,
Mimosa xiquexiquensis,Lima et al. 2008,Mimosa xiquexiquensis ,Mimosa_xiquexiquensis,Mimosa,xiquexiquensis,,Species,2,2,0&5,0&6,0&1,11.3,15,13,15,18.8,16.6,,,,0.5,0.5,0.5,,,L.P. Queiroz et al. 7909,HUEFS,,,Mimosa_xiquexiquensis-Lima-2008-5μm / Mimosa_xiquexiquensis-2-Lima-2008-5μm / Mimosa_xiquexiquensis-3-Lima-2008-5μm
Naiadendron duckeanum,Guinet & Caccavari 1992,Stryphnodendron duckeanum ,Naiadendron_duckeanum,Naiadendron,duckeanum,,Species,5,1&2,,4&6,,26.3,26.3,26.3,36.6,36.6,36.6,1.4,1.9,1.65,0.8,1,0.9,,,"Ducke s.n. (9.06.1930, isotype) / Monteiro et al. 929",RFA / INPA,,,Stryphnodendron_duckeanum-1-Guinet & Caccavari-1992-x1000 / Stryphnodendron_duckeanum-2-Guinet & Caccavari-1992-x1000 / Stryphnodendron_duckeanum-3-Guinet & Caccavari-1992-x1000 / Stryphnodendron_duckeanum-4-Guinet & Caccavari-1992-x1000
Parapiptadenia blanchetii,Caccavari 2002; Ribeiro et al. 2018,Parapiptadenia blanchetii ,Parapiptadenia_blanchetii,Parapiptadenia,blanchetii,,Species,5,2,,4,,22.5,30,26.3,25,47.5,31.275,,,,1,1,1,,,Blanchet Typus! 3295 / Grupo Pedra do Cavalo 1096 / Lemos 56 / Melo 1410,RB / HUEFS / HUEFS / HUEFS,NY 3202 / HUEFS 1090 / HUEFS 2750 / HUEFS 24846,,Parapiptadenia_blanchetii-Caccavari-2002-10µm / Parapiptadenia_blanchetii-Ribeiro-2018-10μm / Parapiptadenia_blanchetii-2-Ribeiro-2018-10μm / Parapiptadenia_blanchetii-3-Ribeiro-2018-10μm
Parapiptadenia excelsa,Caccavari 2002,Parapiptadenia excelsa ,Parapiptadenia_excelsa,Parapiptadenia,excelsa,,Species,4,2,,,,,,,,,36,,,,,,,,,J. Santos Biloni 4016,SI,,,Parapiptadenia_excelsa-Caccavari-2002-10µm
Parapiptadenia pterosperma,Caccavari 2002; Cruz et al. 2018,Parapiptadenia pterosperma / Piptadenia pterosperma,Parapiptadenia_pterosperma,Parapiptadenia,pterosperma,,Species,5,0,,3,,25,35,29.1,31.5,40,37.55,,,,,,2,1,1,Campos Porto 2481 / RD Ribeiro 62 & HG Dantas / H Lima et al. 2796,RB / RB / RB,RB 29706 / RB 406389 / RB 258410,,Piptadenia_pterosperma-Cruz-2018-5μm / Piptadenia_pterosperma-2-Cruz-2018-5μm / Piptadenia_pterosperma-3-Cruz-2018-5μm
Parapiptadenia rigida,Caccavari 2002,Parapiptadenia rigida ,Parapiptadenia_rigida,Parapiptadenia,rigida,,Species,5,1&2,,,,,,,,,,,,,,,,,,,SPSC,,,
Parapiptadenia zehntneri,Caccavari 2002; Buril et al. 2010; Ribeiro et al. 2018,Parapiptadenia zehntneri,Parapiptadenia_zehntneri,Parapiptadenia,zehntneri,,Species,5,2,2,0&4,1&3,20,32.5,26,23.8,37.5,30.4,,,,1,1.1,1.05,,,Harley 16198 / J.R.Lemos 262 / Bandeira 82 / Conceição 2536 / Guedes 16085,"RB / IPA , HUEFS / HUEFS / HUEFS / HUEFS","RB 196355 / IPA 69464, HUEFS 95711 / HUEFS 19021 / HUEFS 127855 / HUEFS 170315",,Parapiptadenia_zehntneri-Buril-2010-10μm / Parapiptadenia_zehntneri-2-Buril-2010-10μm / Parapiptadenia_zehntneri-3-Buril-2010-10μm / Parapiptadenia_zehntnerii-Ribeiro-2018-10μm / Parapiptadenia_zehntnerii-2-Ribeiro-2018-10μm / Parapiptadenia_zehntnerii-3-Ribeiro-2018-10μm / Parapiptadenia_zehntnerii-4-Ribeiro-2018-10μm
Piptadenia adiantoides,Barduzzi et al. 2024; Caccavari 2002; Ribeiro et al. 2018,Piptadenia adiantoides,Piptadenia_adiantoides,Piptadenia,adiantoides,,Species,3&4,2,5,4,,12.255,24,18.975,18,26,22.59,0.609,0.934,0.7715,0.467,0.635,0.551,,,V. C. Souza 29980 / G. Hatschbach 47692 / Lopes 792 / Oliveira 599 / Pirani 5029,ESA / RB / HUEFS / HUEFS / HUEFS,ESA 88363 / RB 226098 / HUEFS 111028 / HUEFS 45655 / HUEFS 68930,,Piptadenia_adiantoides-Ribeiro-2018-10μm / Piptadenia_adiantoides-2-Ribeiro-2018-10μm
Piptadenia affinis,Barth & Yoneshigue 1966,Pityrocarpa affinis,Piptadenia_affinis,Piptadenia,affinis,,Species,3,2,5,4,0,18.9,27.3,23.1,27.3,35.7,31.5,3.7,,3.7,,,1.7,,0.79,Reitz e Klein 8037,HBR,HBR 25858,,
Piptadenia anolidurus,Caccavari 2002,Piptadenia anolidorus ,Piptadenia_anolidurus,Piptadenia,anolidurus,,Species,2&3,2,,,,,,,,,25,,,,,,,,,Kirkbride Jr. & Lleras 2767,K,,,Piptadenia_anolidurus-Caccavari-2002-10µm
Piptadenia floribunda,Caccavari 2002,Piptadenia floribunda ,Piptadenia_floribunda,Piptadenia,floribunda,,Species,5,1,,,,,,,,,42,,,,,,,,,Mori & Bolten 8463,K,,,
Piptadenia fruticosa,Caccavari 2002,Piptadenia fruticosa ,Piptadenia_fruticosa,Piptadenia,fruticosa,,Species,3&4,2,2,0,0&1,,,,,,19,,,,,,,,,A. Glaziou 3722,K,,,
Piptadenia gonoacantha,Caccavari 2002,Piptadenia gonoacantha ,Piptadenia_gonoacantha,Piptadenia,gonoacantha,,Species,4,2,,3,,,,,,,38,,,,,,,,,De Souza 15,RB,,,
Piptadenia irwinii,Ribeiro et al. 2018,Piptadenia irwinii,Piptadenia_irwinii,Piptadenia,irwinii,,Species,5,1&2,2,4,0&1&2,15,25,18.733,17.5,25,23.133,,,,1,1,1,,,Jardim 3303 / Queiroz 12652 / Queiroz 12887,HUEFS / HUEFS / HUEFS,CEPEC 89901 / HUEFS 118159 / HUEFS 118384,,Piptadenia_irwinii-Ribeiro-2018-10μm / Piptadenia_irwinii-2-Ribeiro-2018-10μm / Piptadenia_irwinii-3-Ribeiro-2018-10μm
Piptadenia irwinii var. irwinii,Caccavari 2002,Piptadenia irwinii var. irwinii ,Piptadenia_irwinii_irwinii,Piptadenia,irwinii,irwinii,Variety,4,2,,0,,,,,,,26,,,,,,,,,Irwin et al. 3117,K,,,
Piptadenia irwinii var. unijuga,Caccavari 2002,Piptadenia irwinii var. unijuga ,Piptadenia_irwinii_unijuga,Piptadenia,irwinii,unijuga,Variety,4,2,,0,,,,,,,25,,,,,,,,,S. A. Movi 9501,K,,,
Piptadenia killipii,Caccavari 2002,Piptadenia killipii ,Piptadenia_killipii,Piptadenia,killipii,,Species,3&4,2,,4,,,,,,,20,,,,,,,,,Klug 4333,SI,,,
Piptadenia micracantha,Caccavari 2002,Piptadenia macrantha ,Piptadenia_micracantha,Piptadenia,micracantha,,Species,4,2,,4,,,,,,,19,,,,,,,,,Ram. et Rodrigues 1163,RB,,,
Piptadenia minutiflora,Caccavari 2002,Piptadenia minutiflora ,Piptadenia_minutiflora,Piptadenia,minutiflora,,Species,5,1&2,,4,,,,,,,50,,,,,,,,,Rodri. et Chagas 2901,RB,,,Piptadenia_minutiflora-Caccavari-2002-10µm
Piptadenia paniculata,Barduzzi et al. 2024,Piptadenia paniculata ,Piptadenia_paniculata,Piptadenia,paniculata,,Species,5,1&2,,,,24.103,27.08,25.699,30.91,42.08,35.592,0.635,0.99,0.8125,0.418,0.669,0.544,,,H. C. Lima 4357,ESA,NY 1144695,,
Piptadenia polyptera,Caccavari 2002,Piptadenia polyptera ,Piptadenia_polyptera,Piptadenia,polyptera,,Species,3,2,,,,,,,,,25,,,,,,,,,,,,,Piptadenia_polyptera-Caccavari-2002-10µm
Piptadenia retusa,Caccavari 2002,Piptadenia flava,Piptadenia_retusa,Piptadenia,retusa,,Species,4,2,,,,,,,,,23,,,,,,,,,Harley et al 18967,RB,,,
Piptadenia santosii,Caccavari 2002,Piptadenia santosii ,Piptadenia_santosii,Piptadenia,santosii,,Species,4,2,,,,,,,,,50,,,,,,,,,T. S. dos Santos 2236,K,,,
Piptadenia stipulacea,Caccavari 2002; Buril et al. 2010,Piptadenia stipulacea,Piptadenia_stipulacea,Piptadenia,stipulacea,,Species,4,1&2,2,0,0&1,17.5,21.2,19.3,22.5,30,23.4,,,,1,1,1,,,Collares et Dutra 140 / E. Córdula 261 / Y. Melo 183,RB / UFP / UFP,RB 233898 / UFP 47440 / UFP 47436,,Piptadenia_stipulacea-Buril-2010-5μm / Piptadenia_stipulacea-2-Buril-2010-5μm / Piptadenia_stipulacea-3-Buril-2010-5μm / Piptadenia_stipulacea-Buril-2010-5μm / Piptadenia_stipulacea-2-Buril-2010-5μm / Piptadenia_stipulacea-3-Buril-2010-5μm
Piptadenia trisperma,Caccavari 2002; Cruz et al. 2018,Piptadenia trisperma ,Piptadenia_trisperma,Piptadenia,trisperma,,Species,3,2,1,3,1,17.5,25,21.3,27.5,27.5,26.25,,,,,,,1,1,P. Lewis et H. 1191 / LTF Menezes et al. s.n.,RB / RBR,RB 222215 / RBR 8163,,Piptadenia_trisperma-Cruz-2018-10μm / Piptadenia_trisperma-2-Cruz-2018-10μm / Piptadenia_trisperma-3-Cruz-2018-5μm / Piptadenia_trisperma-4-Cruz-2018-5μm
Pityrocarpa brenanii,Barduzzi et al. 2024,Pseudopiptadenia brenanii,Pityrocarpa_brenanii,Pityrocarpa,brenanii,,Species,4&5,,,4,,19.248,37.5,27.993,27.5,47.5,33.759,0.418,0.669,0.5435,0.233,0.467,0.35,,,A. C. Sevilha 6195 / Cardoso 581 / Guedes 16722 / Neves 263,CEN / HUEFS / HUEFS / HUEFS,CEN 103168 / HUEFS 96970 / HUEFS 159209 / HUEFS 162090,,Pseudopiptadenia_brenanii-Ribeiro-2018-10μm / Pseudopiptadenia_brenanii-2-Ribeiro-2018-10μm / Pseudopiptadenia_brenanii-3-Ribeiro-2018-10μm
Pityrocarpa inaequalis,Caccavari 2002,Pseudopiptadenia inaequalis ,Pityrocarpa_inaequalis,Pityrocarpa,inaequalis,,Species,4,2,,4&6,,,,,,,43,,,,,,,,,M. de Lima 2293,RB,,,
Pityrocarpa leptostachya,Barduzzi et al. 2024,Pseudopiptadenia leptostachya ,Pityrocarpa_leptostachya,Pityrocarpa,leptostachya,,Species,5,1&2,,6,,,,,,,,,,,,,,,,D. Sucre 7380,ESA,ESA 116275,,
Pityrocarpa moniliformis,Buril et al. 2010; Ribeiro et al. 2018; Guinet & Caccavari 1992,Pityrocarpa moniliformis / Stryphnodendron consimile ,Pityrocarpa_moniliformis,Pityrocarpa,moniliformis,,Species,3,1&2,2,4&6,0&1&2,13,34.1,18.25,17,30.8,21.817,1.8,1.8,1.8,1,1,1,,,M.T. Vital 72 / E. Córdula 24 / Eiten 10840 / Ferreira 17 / Melo 7518 / Ramalho 52,UFP / UFP / HUEFS / HUEFS / HUEFS / RFA,UFP 47448 / UFP 47441 / HUEFS 146824 / HUEFS 118108 / HUEFS 157870 / RFA 17173,,Pityrocarpa_moniliformis-Buril-2010-5μm / Pityrocarpa_moniliformis-2-Buril-2010-5μm / Pityrocarpa_moniliformis-3-Buril-2010-5μm / Pityrocarpa_moniliformis-Buril-2010-5μm / Pityrocarpa_moniliformis-2-Buril-2010-5μm / Pityrocarpa_moniliformis-3-Buril-2010-5μm / Pityrocarpa_moniliformis-Ribeiro-2018-10μm / Stryphnodendron_consimile-1-Guinet & Caccavari-1992-x1000 / Stryphnodendron_consimile-2-Guinet & Caccavari-1992-x2100 / Stryphnodendron_consimile-3-Guinet & Caccavari-1992-x10600
Pityrocarpa obliqua,Caccavari 2002; Ribeiro et al. 2018,Piptadenia obliqua subs. obliqua / Pityrocarpa obliqua subs. brasiliensis ,Pityrocarpa_obliqua,Pityrocarpa,obliqua,,Species,3&5,2,,0,,22.5,27.5,26,27.5,35,30.6,,,,1,1,1,,,Hinton 10321 / Carneiro-Torres 310,K / HUEFS,HUEFS 105931,Carneiro-Torres 310 = Pityrocarpa obliqua,Pityrocarpa_obliqua_subsp.brasiliensis-Ribeiro-2018-10μm / Pityrocarpa_obliqua_subsp.brasiliensis-2-Ribeiro-2018-10μm
Pityrocarpa obliqua subsp. brasiliensis,Ribeiro et al. 2018,Pityrocarpa obliqua subs. brasiliensis ,Pityrocarpa_obliqua_brasiliensis,Pityrocarpa,obliqua,brasiliensis,Subspecies,5,1&2,,0,,22.5,27.5,25.5,25,37.5,32.15,,,,,,,,,Queiroz 12903 / Silva-Castro 901,HUEFS / HUEFS,HUEFS 118400 / HUEFS 105930,,
Pityrocarpa schumanniana,Caccavari 2002,Pseudopiptadenia schumanniana ,Pityrocarpa_schumanniana,Pityrocarpa,schumanniana,,Species,5,2,,,,,,,,,42,,,,,,,,,M. P. M. de Lima et al. 27,RB,,,Pseudopiptadenia_schumanniana-Caccavari-2002-10µm
Senegalia nigrescens,Kenrick & Knox 1982,Senegalia nigrescens ,Senegalia_nigrescens,Senegalia,nigrescens,,Species,5,1&2,,4&6,,,,,,,,,,,,,,,,,,,,
Stryphnodendron adstringens,Guinet & Caccavari 1992; Barduzzi et al. 2024,Stryphnodendron adstringens,Stryphnodendron_adstringens,Stryphnodendron,adstringens,,Species,5,1&2,,4&6,,20.046,26.361,23.114,24.6,38.269,31.678,0.226,1.9,1.063,0.202,1,0.605,,,"Assis 298 / Glaziou 21030 / Hammar 5602 / Maguire et al. 56523 / V. C. Souza 21319, L. Capellari Jr., J. Paula-Souza, F. F. Mazine",RB / P / RFA / NY / ESA,RB 226406 / P02734292 / RFA 19677 / NY 00934670 / ESA 48922,,Stryphnodendron_adstringens-1-Guinet & Caccavari-1992-x1000 / Stryphnodendron_adstringens-2-Guinet & Caccavari-1992-x1000 / Stryphnodendron_adstringens-3-Guinet & Caccavari-1992-x1000 / Stryphnodendron_adstringens-4-Guinet & Caccavari-1992-x1000 / Stryphnodendron_adstringens-5-Guinet & Caccavari-1992-x1000 / Stryphnodendron_adstringens-6-Guinet & Caccavari-1992-x1000 / Stryphnodendron_adstringens-7-Guinet & Caccavari-1992-x1000 / Stryphnodendron_adstringens-8-Guinet & Caccavari-1992-x1000 / Stryphnodendron_adstringens-9-Guinet & Caccavari-1992-x10000
Stryphnodendron cristalinae,Guinet & Caccavari 1992,Stryphnodendron cristalinae ,Stryphnodendron_cristalinae,Stryphnodendron,cristalinae,,Species,5,1&2,,6,,27,27,27,34.1,34.1,34.1,1.6,2,1.8,0.8,1.3,1.05,,,Heringer & Rizzini 11128,MG,,,
Stryphnodendron gracile,Guinet & Caccavari 1992,Stryphnodendron gracile ,Stryphnodendron_gracile,Stryphnodendron,gracile,,Species,5,1&2,,6,,34.1,34.1,34.1,30.8,30.8,30.8,1.8,1.9,1.85,1,1,1,,,Heringer 7369 / Heringer et al. 7361,RB / RB,,,
Stryphnodendron platyspicum,Guinet & Caccavari 1992,Stryphnodendron platyspicum / Stryphnodendron pumillum ,Stryphnodendron_platyspicum,Stryphnodendron,platyspicum,,Species,5,1&2,,6,,19.052,25.5,21.277,26.36,34.083,31.854,0.418,2,1.209,0.209,1.3,0.755,,,Glaziou 21031 / Irwin et al. 8017 / Martinelli et al. 7419 / Ratter et al. 4222 / G. Pereira-Silva 5558,MPU / NY / RB / K / ESA,R-Tipos 8377 (Glaziou 21031) / UB 40264 (Martinelli et al. 7419) / UB 40271 (Ratter et al. 4222) / CEN 43846,,Stryphnodendron_platyspicum-Guinet & Caccavari-1992-x10600
Stryphnodendron polyphyllum,Guinet & Caccavari 1992,Stryphnodendron polyphyllum / Stryphnodendron polyphyllum var. villosum ,Stryphnodendron_polyphyllum,Stryphnodendron,polyphyllum,,Species,5,1&2,,4&6,,24.2,24.2,34.1,24.6,36.6,32.4,1.4,1.9,1.65,0.8,1,0.9,,,Macedo 528 / Martius 1102 / Pereira et al. 9510  / Dobereiner 74 (var. villosum) / Miers s.n. (var. villosum),US / BR / RFA / RFA / P,RFA 5431 (Dobereiner 74) / P02735168 (Miers s.n.),Dobereiner 74 (var. villosum) and Miers s.n. (var. villosum) = Stryphnodendron polyphyllum,Stryphnodendron_polyphyllum_var. villosum-1-Guinet & Caccavari-1992-x1000 / Stryphnodendron_polyphyllum_var. villosum-2-Guinet & Caccavari-1992-x1000 / Stryphnodendron_polyphyllum_var. villosum-3-Guinet & Caccavari-1992-x1000
Stryphnodendron polyphyllum var. villosum,Guinet & Caccavari 1992,Stryphnodendron humile ,Stryphnodendron_polyphyllum_villosum,Stryphnodendron,polyphyllum,villosum,Variety,5,1&2,,4&6,,23.4,23.4,34.1,31,31,31,2.3,2.3,2.3,0.8,1,0.9,,,Heringer 7783,RFA,RFA 18438,,
